-- INSERT INTO topic (topicid, description, name) values (1, 'topic 1' , 'Description topic 1'), (2, 'desc_topic_2' , 'name_topic_2'), (3, 'desc_topic_3' , 'name_topic_3'), (4, 'desc_topic_4' , 'name_topic_4'), (5, 'desc_topic_5' , 'name_topic_5');
-- INSERT INTO test (testid, description, name, topicid) values (1, 'desc_test_1' , 'name_test_1', 2), (2, 'desc_test_2' , 'name_test_2', 1), (3, 'desc_test_3' , 'name_test_3', 2), (4, 'desc_test_4' , 'name_test_4', 4), (5, 'desc_test_5' , 'name_test_5', 3);
-- INSERT INTO question (questionid, description, testid) values (1, 'desc_question_1' , 2), (2, 'desc_question_2' , 2), (3, 'desc_question_3' , 1), (4, 'desc_question_4' , 1), (5, 'desc_question_5' , 3), (6, 'desc_question_6' , 5);
-- INSERT INTO literature (literatureid, description, questionid) values (1, 'desc_literature_1' , 1), (2, 'desc_literature_2' , 3), (3, 'desc_literature_3' , 2), (4, 'desc_literature_4' , 4), (5, 'desc_literature_5' , 5);
INSERT INTO tuser (userid, firstName, lastName, login, password, role) values (1, 'Vlad', 'Polhovsky', 'user', '$2a$10$mesnRZiZN7KNTPGSOYlMauOYGaCy9LEJ7w6Evb68ZRwqFxjy9c6Ae', 'ROLE_USER'), (2, 'Stanislav', 'Martin', 'admin', '$2a$10$sn49A/v8lxjGqSAlUEURhe4jUIJ061gxHhCg.WKxuCp6A9MRtRJtu', 'ROLE_ADMIN');
-- INSERT INTO link (linkid, link, literatureid) values (1, 'www.google.com', 1);
-- INSERT INTO answer (answerid, description, correct, questionid) values (1, 'Is truth', 1, 1), (2, 'Is not truth', 0, 1);
-- INSERT INTO statistic (statisticid, date, correct, questionid, userid) values (1, '2013-06-01', 1, 1, 1);